ra,declination,redshift
212.818,-0.95974,0.087054
212.685,-0.86412,0.14009
212.612,-0.83238,0.025562
212.636,-0.841852,0.025397
212.901,-0.956732,0.172551
212.793,-0.849283,0.127413
212.975,-0.800056,0.097751
212.999,-0.813107,0.126981
212.543,-1.0828,0.115527
212.715,-1.09181,0.127444
212.641,-0.988351,0.054052
212.848,-0.842728,0.082989
212.864,-0.988443,0.161481
212.939,-0.904269,0.054369
212.7,-1.14442,0.054312
212.551,-0.873593,0.025327
212.592,-1.11501,0.054139
212.939,-0.230567,0.047812
212.958,-0.480356,0.097662
213.021,-0.588006,0.139546
213.053,-0.612699,0.024915
213.006,-0.29104,0.138216
212.954,-0.706883,0.117327
212.982,-0.720349,0.11641
213.139,-0.280079,0.138404
213.192,-0.131535,0.272837
213.107,-0.25055500000000003,0.138928
213.068,-0.633116,0.025067
212.948,-0.273369,0.146529
213.096,-0.163109,0.128494
213.079,-0.122678,0.017403
212.509,-1.23218,0.117457
212.393,-1.18697,0.182503
212.508,-1.10775,0.054245
212.435,-0.886012,0.115283
212.485,-1.24003,0.024634
212.359,-1.01268,0.083386
212.336,-1.19194,0.083115
212.359,-0.869733,0.071329
212.542,-0.751768,0.107042
212.338,-0.808771,0.172893
212.34,-1.08686,0.520012
212.356,-0.847639,0.278624
212.414,-0.885347,0.114619
212.503,-1.06284,0.049395
212.348,-0.787988,0.070055
212.395,-0.819959,0.082787
212.902,-0.694832,0.116698
212.737,-0.327461,0.146962
212.933,-0.684131,0.136705
212.771,-0.319566,0.138556
212.879,-0.18146,0.168448
212.77,-0.709364,0.139886
212.879,-0.598911,0.117507
212.78,-0.342183,0.054638
212.835,-0.497422,0.025124
212.848,-0.300517,0.025983
212.852,-0.27302,0.082399
212.874,-0.524969,0.359675
212.817,-0.176308,0.106816
212.789,-0.242014,0.180906
212.774,-0.113165,0.117522
212.703,-0.311225,0.137653
212.23,-1.25515,0.194893
212.218,-0.909587,0.082929
212.18,-1.16165,0.005006
212.002,-0.821824,0.054656
212.206,-0.898881,0.08315
212.056,-0.810349,0.174145
212.155,-0.920713,0.08301
212.122,-0.84146,0.055713
212.091,-1.07534,0.087698
212.027,-0.821231,0.051881
212.212,-0.876671,0.111159
212.282,-0.872329,0.115298
212.098,-0.828539,0.17489
212.121,-1.25328,0.465532
212.095,-0.74621,0.079201
212.528,-0.366277,0.103441
212.375,-0.54372,0.083037
212.61,-0.588559,0.053737
212.471,-0.383959,0.054469
212.514,-0.355839,0.082955
212.559,-0.578541,0.025811
212.497,-0.377378,0.081879
212.54,-0.283327,0.053336
212.473,-0.08705,0.082904
212.417,-0.519002,0.083355
212.533,-0.396776,0.096736
212.434,-0.448393,0.054366
212.391,-0.290831,0.070326
211.952,-0.931323,0.05256
211.842,-1.09639,0.055014
211.912,-0.955326,0.053794
211.895,-0.970769,0.053983
211.952,-1.22192,0.404386
211.943,-1.01445,0.079088
212.081,-1.19514,0.140939
211.945,-1.04997,0.025981
211.815,-0.92566,0.051474
211.905,-0.764777,0.104623
211.976,-0.856248,0.055164
211.969,-0.915195,0.054681
211.913,-0.914565,0.159987
211.907,-0.806744,0.053078
211.961,-0.950377,0.051858
211.929,-0.950167,0.159789
212.173,-0.169619,0.053005
212.358,-0.335194,0.071009
212.165,-0.434149,0.113154
212.349,-0.577272,0.143306
212.273,-0.424973,0.147172
212.164,-0.366181,0.076649
212.164,-0.308371,0.46513
212.232,-0.669798,0.145264
212.312,-0.435727,0.23897
212.183,-0.573859,0.054145
212.158,-0.225156,0.052063
212.262,-0.299156,0.238612
212.119,-0.230987,0.17203
212.137,-0.233548,0.095656
212.374,-0.157574,0.093407
212.351,-0.199808,0.092689
212.309,-0.560877,0.054268
212.298,-0.41225,0.083165
212.08,-0.648284,0.052497
212.088,-0.591286,0.05231
212.086,-0.675461,0.052497
212.079,-0.321016,0.112965
212.067,-0.72791,0.052158
212.132,-0.127046,0.025071
211.991,-0.301246,0.142391
212.024,-0.19416,0.053505
212.007,-0.225614,0.053246
212.056,-0.289674,0.083121
212.104,-0.589145,0.052646
212.043,-0.259411,0.425158
211.87,-0.740913,0.108679
211.878,-0.340416,0.166107
211.689,-0.596413,0.052738
211.921,-0.716353,0.024961
211.733,-0.374335,0.105225
211.797,-0.377461,0.079724
211.808,-0.271229,0.162243
211.771,-0.241161,0.211081
211.775,-0.256727,0.212228
211.972,-0.32437,0.05306
211.829,-0.157252,0.082904
211.839,-0.174088,0.261171
211.676,-1.2447,0.175373
211.81,-1.19536,0.054448
211.643,-1.18708,0.025796
211.679,-1.13421,0.142159
211.645,-1.21983,0.058937
211.635,-1.05912,0.146422
211.802,-1.01298,0.050876
211.64,-0.762617,0.109723
211.583,-0.789248,0.082367
211.796,-0.878612,0.053062
211.803,-0.974829,0.053443
211.693,-0.788098,0.109668
211.75,-0.850523,0.029564
211.574,-1.01658,0.054809
211.595,-0.223667,0.105288
211.666,-0.35728,0.112902
211.389,-0.615139,0.070225
211.663,-0.118927,0.113169
211.636,-0.361005,0.112758
211.567,-0.641121,0.082491
211.65,-0.208221,0.45750999999999997
211.636,-0.24622,0.111293
211.484,-0.444976,0.105216
211.475,-0.745434,0.059217
211.667,-0.176667,0.1073
211.636,-0.293911,0.112425
211.652,-0.483277,0.090016
211.506,-0.31054,0.02455
211.473,-1.20448,0.054267
211.549,-1.22791,0.053209
211.472,-1.24566,0.054888
211.549,-0.965438,0.070356
211.537,-1.03689,0.070096
211.516,-1.13323,0.199997
211.502,-1.1237,0.282384
211.491,-1.23034,0.054073
211.355,-0.811356,0.049192
211.437,-0.874461,0.143836
211.414,-0.92243,0.094555
211.351,-0.792923,0.049113
211.309,-0.641614,0.074106
211.309,-0.487128,0.070115
211.514,0.343174,0.053619
211.554,-0.027757,0.112044
211.558,0.092998,0.458901
211.554,0.459766,0.076845
211.609,0.494956,0.164733
211.463,0.047994,0.112136
211.538,0.083074,0.075335
211.476,0.035471,0.165433
211.717,1.62e-4,0.024862
211.48,0.294454,0.132066
211.742,0.410218,0.373605
211.51,0.172328,0.112416
211.976,0.85947,0.108259
211.988,0.942174,0.459413
211.866,0.928603,0.451117
211.875,0.969359,0.176843
211.716,0.850144,0.047571
211.775,0.820426,0.129676
211.789,0.727572,0.183373
211.773,0.85641,0.048556
212.025,0.749242,0.076608
211.964,0.749382,0.082883
211.8,0.520224,0.082895
211.847,0.475662,0.10532
211.887,0.630929,0.113435
211.866,0.048488,0.4272
211.954,0.303959,0.113247
211.802,0.554099,0.165634
211.97,0.451768,0.076612
211.947,0.404038,0.106713
211.774,0.258302,0.257391
211.883,0.034452000000000003,0.164982
211.912,-0.043149,0.258015
211.897,0.392927,0.105373
211.966,0.467408,0.10659
211.956,0.654048,0.252604
211.766,-0.085709,0.426238
212.143,0.584804,0.107639
212.011,0.227458,0.133536
212.051,0.519685,0.138366
211.981,0.41492,0.085027
211.989,0.294956,0.113406
211.959,-0.087427,0.085321
212.025,0.363155,0.113344
211.992,0.113879,0.025567
211.991,-0.070073,0.173392
211.994,0.024408,0.085352
212.013,0.049298,0.085584
212.192,0.072031,0.053124
212.208,0.073523,0.085055
212.222,0.113675,0.138019
212.105,0.351409,0.10535
212.251,0.54109,0.136582
212.409,0.221898,0.135346
212.545,0.349668,0.129126
212.373,0.14367,0.054107
212.25,0.446867,0.025205
212.276,0.188792,0.05367
212.551,0.109238,0.337633
212.515,0.549923,0.135685
212.515,0.500637,0.422702
212.442,0.062315,0.054266
212.43,-0.010244,0.134821
212.27,0.108425,0.082674
212.515,0.213951,0.135952
212.461,-0.044888,0.134953
212.329,-0.078463,0.053405
212.259,0.294913,0.4695
212.089,1.2011,0.115734
212.34,1.02775,0.057526
212.118,1.02978,0.123979
212.232,1.15937,0.372464
212.296,1.07919,0.17716
212.218,1.18291,0.376049
212.269,1.13781,0.142523
212.115,0.700258,0.025561
212.074,1.0141,0.124368
212.29,0.762783,0.114281
212.162,0.65949,0.113844
212.234,1.0142,0.12405
212.2,0.812039,0.113263
212.787,0.517589,0.1049
212.61,0.444109,0.052736
212.759,0.608504,0.026462
212.634,0.636526,0.105356
212.818,0.489449,0.053081
212.687,0.64921,0.14982
212.684,0.669876,0.148587
212.733,0.613072,0.178255
212.798,0.575455,0.13500499999999999
212.635,0.224187,0.029096
212.554,0.29924,0.301202
212.627,0.678592,0.148987
212.864,0.451119,0.140952
212.801,0.085846,0.13641
212.756,0.021146,0.106687
212.608,0.27421,0.496996
212.564,1.12295,0.146678
212.729,0.985828,0.180295
212.429,1.16562,0.114194
212.74,1.03575,0.02524
212.379,1.19757,0.114355
212.433,0.923367,0.200915
212.743,0.866925,0.180085
212.606,0.782884,0.179493
212.688,1.04635,0.025486
212.377,0.99675,0.144739
212.5,0.73179,0.135598
212.547,0.865873,0.025501
212.398,0.994508,0.095328
212.639,0.887666,0.124707
212.358,0.728608,0.164645
212.403,0.876057,0.145975
212.645,1.01836,0.177522
212.946,0.405647,0.261792
212.904,0.440065,0.147001
212.976,0.33501,0.147056
212.96,0.513299,0.054513
212.885,0.465809,0.144597
212.916,-0.054882,0.13098
212.963,0.538415,0.10574
212.974,-0.034167,0.052992
212.973,-0.050637,0.053729
212.969,0.352755,0.14699
212.912,0.391826,0.14642
212.945,0.02942,0.114118
212.878,-0.083059,0.054395
212.894,0.166181,0.052906
212.975,0.222968,0.05548
212.789,0.969971,0.123802
212.932,0.720739,0.024857
212.954,0.719526,0.124583
212.843,0.807817,0.200118
212.887,0.786931,0.126307
212.812,0.863195,0.125258
212.772,0.942793,0.12439
212.882,0.744013,0.124479
212.77,0.740824,0.106695
212.91,0.705291,0.124338
212.899,0.689538,0.156624
212.752,0.935756,0.105305
212.787,0.695814,0.175329
212.898,0.734557,0.124187
212.875,0.699983,0.0531
212.824,0.718268,0.078571
212.901,0.847573,0.504219
213.017,-0.020079,0.095609
213.063,0.053849,0.053848
213.08,0.056062,0.127521
213.024,0.485372,0.054641
213.155,0.141695,0.054054
213.136,0.098394,0.126518
213.09,0.530451,0.053692
213.04,0.531794,0.105424
212.982,0.466587,0.054654
213.122,0.052757,0.186607
213.091,0.07697,0.127313
213.034,-0.027648,0.095548
212.978,0.497838,0.054274
212.983,0.111833,0.151029
213.117,0.096534,0.054069
213.116,-0.043115,0.126913
213.136,0.043822,0.125173
214.247,-0.883987,0.22639
214.588,-0.745183,0.095306
214.388,-0.585918,0.147796
214.541,-0.785019,0.049793
214.201,-0.524025,0.125628
214.121,-0.743893,0.048742
214.329,-0.610524,0.141183
214.151,-0.882751,0.085831
214.198,-0.805153,0.197486
213.82,-0.99219,0.080764
214.237,-0.782289,0.125407
214.171,-0.815936,0.186802
214.199,-0.554707,0.181476
214.253,-0.671149,0.139511
214.243,-0.935049,0.186369
214.012,-0.688651,0.127347
214.623,-0.521931,0.085228
214.766,-0.417931,0.181116
214.534,-0.351925,0.405508
214.555,-0.366695,0.132551
214.569,-0.37872,0.036376
214.535,-0.38735,0.181552
214.544,-0.567465,0.050394
214.631,-0.485188,0.051194
214.812,-0.426031,0.051822
214.796,-0.468822,0.134372
214.841,-0.317112,0.168608
214.613,-0.23475,0.120579
214.839,-0.205578,0.120741
214.815,-0.145474,0.084999
214.714,-0.280205,0.051425
214.714,-0.561939,0.138655
214.682,-0.519588,0.147122
214.852,-0.122132,0.120609
214.386,-0.91507,0.086131
214.199,-0.948301,0.184256
214.102,-0.935681,0.076499
213.861,-1.2276,0.149899
213.926,-1.11409,0.148857
214.459,-0.983756,0.149148
213.899,-1.25696,0.150035
214.332,-1.03052,0.125451
213.958,-1.09519,0.137624
213.968,-1.0094,0.1477
214.125,-0.896365,0.12701
214.061,-0.955307,0.144112
213.944,-0.991777,0.149209
214.025,-0.935742,0.048562
214.397,-0.496219,0.129182
214.443,-0.504373,0.082179
214.367,-0.4451,0.123324
214.366,-0.423462,0.122797
214.099,-0.626642,0.12569
214.259,-0.16358,0.051557
214.493,-0.295886,0.123396
214.421,-0.144198,0.049602
214.273,-0.457716,0.129867
214.412,-0.271667,0.147909
214.384,-0.484894,0.082273
214.409,-0.482173,0.082584
214.464,-0.310181,0.123036
214.482,-0.166291,0.125535
214.341,-0.238015,0.16894
214.453,-0.181634,0.125691
214.186,-0.578064,0.378946
213.802,-1.12855,0.076694
213.887,-1.24382,0.14657
214.07,-1.23485,0.124502
214.283,-1.09063,0.087524
214.172,-1.21443,0.125125
213.837,-0.786991,0.148925
214.001,-1.1042,0.139875
214.199,-1.07057,0.125024
213.957,-1.13609,0.148539
213.887,-0.747725,0.125109
213.819,-0.661279,0.136865
213.943,-1.18681,0.049942
213.854,-0.572597,0.289804
213.913,-1.23028,0.127701
213.812,-0.526468,0.379351
213.922,-0.647734,0.148352
213.786,-0.78299,0.038006
214.079,-0.194495,0.08374
213.955,-0.411225,0.184104
214,-0.421907,0.13741
213.92,-0.860674,0.138469
214.171,-0.301573,0.078278
214.082,-0.463251,0.076943
213.84,-1.00201,0.148832
214.082,-0.431022,0.077442
214.119,-0.505161,0.128568
213.924,-0.91088,0.139036
214.025,-0.153815,0.102948
214.2,-0.186716,0.150639
213.942,-0.632134,0.127495
214.139,-0.407934,0.13987
214.138,-0.293213,0.077224
213.963,-0.248183,0.184493
214.194,-0.215733,0.126822
214.072,-0.156982,0.083597
213.994,-1.08866,0.138135
214.133,-1.18214,0.049736
213.603,-0.829337,0.039583
213.455,-0.775217,0.119544
213.578,-1.20406,0.176434
213.628,-0.780292,0.303216
213.594,-1.22455,0.466691
213.561,-0.795925,0.118687
213.758,-0.754962,0.14826
213.753,-0.796948,0.03836
213.461,-0.638619,0.122198
213.507,-0.634373,0.121067
213.757,-0.860242,0.038197
213.589,-0.66817,0.141183
213.729,-1.24698,0.122835
213.473,-0.757571,0.118108
213.482,-1.00047,0.226098
213.623,-0.640426,0.071608
213.758,-0.472456,0.146032
213.775,-0.428023,0.146407
213.771,-0.485632,0.137312
213.919,-0.584211,0.126988
213.829,-0.471002,0.139063
213.937,-0.591747,0.126422
213.783,-0.367609,0.184533
213.758,-0.424591,0.14028
213.785,-0.493247,0.138795
213.797,-0.3251,0.086623
213.836,-0.361171,0.136682
213.84,-0.382533,0.126377
213.864,-0.185201,0.181469
213.782,-0.154836,0.355004
213.801,-0.292327,0.124943
213.797,-0.269822,0.124896
213.913,-0.447701,0.084713
213.698,-0.312982,0.138157
213.727,-0.38586,0.185634
213.716,-0.367937,0.139557
213.728,-0.329556,0.140216
213.718,-0.43651,0.138667
213.735,-0.365512,0.137532
213.746,-0.387336,0.143051
213.74,-0.409009,0.146181
213.756,-0.504275,0.144221
213.763,-0.378591,0.142814
213.672,-0.143804,0.136344
213.699,-0.328567,0.382485
213.715,-0.293203,0.146294
213.721,-0.31553,0.139908
213.741,-0.349616,0.138815
213.77,-0.246228,0.038698
213.726,-0.274426,0.14
213.648,-0.165776,0.138237
213.665,-0.561667,0.184911
213.613,-0.195252,0.053558
213.679,-0.543595,0.18499
213.701,-0.687199,0.096927
213.622,-0.623984,0.083643
213.634,-0.413833,0.137676
213.733,-0.569318,0.082998
213.734,-0.690916,0.148192
213.629,-0.607933,0.087611
213.629,-0.511945,0.137635
213.632,-0.296812,0.303982
213.635,-0.261721,0.138144
213.71,-0.542645,0.086952
213.695,-0.478168,0.140991
213.651,-0.406572,0.185873
213.681,-0.282227,0.038444
213.626,-0.374361,0.137125
213.675,-0.433867,0.138011
213.618,-0.330071,0.140616
213.678,-0.315333,0.138553
213.272,-0.846224,0.025817
213.452,-1.23474,0.12049
213.288,-0.891992,0.122697
213.369,-0.776138,0.187279
213.303,-0.752221,0.070134
213.434,-1.16596,0.176869
213.352,-1.10471,0.06977
213.349,-0.636695,0.120629
213.255,-1.12411,0.076763
213.452,-1.03614,0.121781
213.355,-0.747428,0.159846
213.385,-0.767078,0.126637
213.335,-0.693766,0.122466
213.298,-0.710105,0.119467
213.393,-0.879774,0.11613
213.333,-1.02675,0.070252
213.362,-0.919414,0.119738
213.427,-0.735667,0.122258
213.483,-0.389199,0.139965
213.468,-0.546506,0.082798
213.487,-0.13649,0.144182
213.58,-0.211217,0.143222
213.577,-0.587487,0.135896
213.49,-0.415521,0.138296
213.531,-0.396362,0.139796
213.598,-0.45948,0.121537
213.602,-0.377418,0.139357
213.598,-0.219288,0.14061
213.54,-0.176599,0.124179
213.487,-0.308054,0.128482
213.541,-0.140849,0.124544
213.583,-0.331161,0.143889
213.471,-0.188196,0.123563
213.585,-0.191665,0.146183
213.465,-0.169268,0.141494
213.568,-0.351269,0.139213
213.253,-0.900806,0.120425
213.158,-1.19573,0.193661
213.152,-1.03641,0.053765
213.101,-0.732047,0.054479
213.233,-0.796453,0.186314
213.1,-0.994171,0.054003
213.114,-0.853775,0.032382
213.147,-0.661821,0.070191
213.226,-0.758286,0.118755
213.064,-1.13355,0.181032
213.155,-1.01221,0.053779
213.104,-0.832029,0.026016
213.253,-0.831079,0.02607
213.121,-0.633506,0.136134
213.037,-1.14478,0.181751
213.054,-0.846379,0.032547
213.105,-0.791812,0.186523
213.229,-0.629576,0.446108
213.343,-0.40164299999999997,0.128467
213.235,-0.492249,0.227775
213.265,-0.629614,0.187213
213.463,-0.135086,0.14414
213.432,-0.27395,0.125878
213.316,-0.567249,0.140282
213.226,-0.537564,0.126574
213.416,-0.204209,0.139599
213.41,-0.248199,0.129091
213.348,-0.486827,0.120221
213.425,-0.350392,0.140269
213.384,-0.615748,0.121611
213.349,-0.260639,0.132351
213.283,-0.454594,0.126665
213.229,-0.437108,0.083281
213.429,-0.454238,0.120561
213.264,-0.12859,0.160685
212.92,-1.05216,0.024135
212.454,-0.876938,0.278793
212.896,-1.25637,0.138013
213.024,-1.0561,0.182236
213.032,-0.834322,0.194822
212.987,-0.652,0.117049
212.962,-1.18156,0.15003
212.624,-0.702548,0.079094
212.908,-1.1591,0.005163
213.034,-1.00499,0.077049
212.995,-0.906072,0.352252
213.208,-0.572932,0.138236
213.065,-0.633053,0.025599
213.198,-0.587287,0.379123
213.209,-0.295819,0.138045
213.164,-0.439255,0.097253
213.104,-0.627636,0.135613
213.16,-0.487272,0.378744
213.218,-0.378868,0.096175
213.121,-0.198304,0.129305
213.088,-0.15767,0.080653
213.113,-0.483481,0.359754
213.035,-0.123661,0.130865
212.635,-0.237835,0.138554
213.204,-0.347786,0.115862
212.757,-0.332298,0.054745
212.77,-0.318506,0.138486
212.907,1.12228,0.462053
212.873,1.14167,0.470589
212.852,1.18526,0.105187
212.628,0.633461,0.106729
212.936,1.21392,0.177158
212.516,1.25371,0.143109
212.974,0.984803,0.159381
212.93,0.720097,0.024566
212.873,0.689925,0.14317
212.683,0.622125,0.148887
212.875,0.986652,0.148711
212.934,0.981278,0.093498
212.753,0.719789,0.177664
212.901,0.978605,0.145767
212.889,1.15948,0.025005
212.794,0.578797,0.052826
212.465,-0.082983,0.054583
212.943,0.236365,0.375955
212.891,0.178631,0.476083
212.982,0.108006,0.149708
212.884,0.466015,0.255106
213.148,0.484718,0.179639
213.01,-0.025106,0.161107
213.013,0.131808,0.128286
213.114,0.106942,0.129352
212.965,-0.050881,0.054902
213.109,0.207969,0.138212
213.027,1.20153,0.025053
212.981,1.11065,0.094634
212.996,1.10295,0.0944
213.151,1.05788,0.046313
213.246,1.01409,0.05277
213.076,1.17377,0.123022
213.243,1.24797,0.105834
213.168,0.756771,0.260395
213.128,0.900506,0.052808
213.014,1.04257,0.145157
213.183,1.14056,0.22661
212.982,0.839349,0.200937
213.099,0.639693,0.261731
213.106,0.907518,0.053906
213.026,0.787402,0.406671
213.069,1.21586,0.084436
212.976,1.06999,0.147059
213.306,0.303157,0.20675
213.463,0.46149,0.14267
213.483,-0.034027,0.124307
213.152,0.529938,0.263391
213.273,0.342289,0.142009
213.348,0.57353,0.138178
213.344,0.405508,0.34924500000000003
213.273,0.458427,0.189662
213.27,0.089697,0.468025
213.374,-0.025792,0.139962
213.273,-0.016911,0.17999
213.261,0.146378,0.054663
213.389,0.185802,0.123101
213.416,-0.003801,0.187851
213.461,0.261048,0.127478
213.393,-0.028392,0.125374
213.343,0.141787,0.125513
213.497,1.14458,0.138183
213.366,0.915337,0.123051
213.336,1.17709,0.387414
213.44,1.18034,0.054473
213.311,0.91774,0.233504
213.534,1.09866,0.179505
213.486,0.896417,0.053083
213.297,0.844618,0.163796
213.384,1.19642,0.298264
213.514,0.755562,0.478302
213.431,1.13256,0.17968
213.265,0.981099,0.053544
213.37,1.17031,0.048139
213.247,0.921184,0.052904
213.675,0.186399,0.12368
213.661,0.477508,0.123695
213.65,0.210057,0.123242
213.609,-0.041232,0.139696
213.491,0.458592,0.144137
213.541,-0.101697,0.140897
213.669,0.396204,0.054295
213.653,0.263346,0.121876
213.574,0.226841,0.192206
213.523,-0.065624,0.124955
213.604,0.133084,0.179378
213.496,0.134144,0.126681
213.582,-0.112144,0.12363
213.501,0.39317,0.189166
213.648,0.55352,0.180912
213.547,-0.042093,0.180079
213.623,0.016047,0.135169
213.65,0.020726,0.103899
213.675,0.141173,0.123274
213.552,1.07551,0.077606
213.798,0.935842,0.123242
213.616,1.05667,0.263293
213.727,0.935042,0.122533
213.711,1.16051,0.053816
213.749,1.15808,0.180499
213.554,1.03951,0.1234
213.779,0.943061,0.123258
213.677,0.871292,0.26475
213.667,0.88577,0.26383
213.589,0.881575,0.106442
213.573,0.671504,0.113717
213.752,0.645618,0.077072
213.572,0.640002,0.114179
213.813,0.697189,0.125316
213.824,1.19658,0.384228
213.691,0.724062,0.26487
213.593,0.722778,0.114319
213.818,0.477445,0.143941
213.838,0.352073,0.191255
213.784,0.332141,0.183478
213.736,0.206391,0.126907
213.711,0.31893,0.03855
213.85,0.247795,0.077115
213.719,0.1962,0.123786
213.796,-0.021122,0.13506
213.698,-0.003127,0.047335
213.765,-0.082624,0.384097
213.843,0.178314,0.257106
213.749,-0.061705,0.167572
213.699,-0.067059,0.136319
213.769,-0.004411,0.184982
214.1,0.293507,0.084417
213.987,0.258783,0.128189
213.963,0.263037,0.126105
214.073,0.302961,0.127583
213.946,0.257645,0.126171
213.927,0.183335,0.116344
213.983,0.29413,0.129933
213.967,0.070007,0.135502
213.923,-0.062493,0.119776
213.9,0.037448,0.053343
213.865,-0.055491,0.12388
213.897,-0.072514,0.352607
214.135,0.071339,0.052545
213.947,-0.033821,0.180589
213.959,0.242288,0.125794
213.884,0.313076,0.124581
213.875,-0.108656,0.142269
213.885,-0.04943,0.183637
214.305,0.535145,0.077097
214.328,0.094574,0.052586
214.313,0.220765,0.077265
214.183,0.51131,0.435225
214.257,0.47709,0.0523
214.258,0.056906,0.353693
214.269,0.508016,0.025557
214.205,0.272546,0.144014
214.235,0.478717,0.191011
214.194,0.398803,0.124674
214.33,0.05102,0.052859
214.292,-0.078722,0.16824
214.306,-0.026926,0.051523
214.186,-0.022172999999999998,0.12465
214.251,0.142431,0.133922
214.23,0.048148,0.123308
213.87,1.0965,0.164522
214.169,0.942024,0.084142
213.998,1.15531,0.1747
213.913,0.993629,0.187525
213.955,0.929804,0.184994
213.924,0.94628,0.120071
214.196,1.22027,0.426293
214.174,0.917396,0.084086
214.012,1.00608,0.394232
213.858,1.01192,0.448409
213.829,0.890931,0.122872
214.029,0.891012,0.356999
213.833,0.941433,0.069413
214.148,0.886645,0.02554
213.827,0.987923,0.183857
214.115,0.706045,0.053194
214.436,0.570706,0.429909
214.482,0.492856,0.053503
214.367,0.482812,0.049923
214.343,0.47272,0.050259
214.452,0.51098,0.053261
214.436,0.479529,0.360938
214.476,0.46145,0.05444
214.335,0.403468,0.047953
214.498,0.267427,0.053035
214.509,0.484262,0.052777
214.342,0.02372,0.053443
214.406,0.329118,0.051027
214.394,0.208777,0.096977
214.468,0.363021,0.049694
214.46,0.327949,0.050091
214.425,0.189863,0.053586
214.402,0.062078,0.053135
214.333,1.17352,0.054225
214.324,1.15621,0.053496
214.388,1.13099,0.254553
214.305,0.793747,0.050491
214.472,1.00331,0.357773
214.333,1.10732,0.126428
214.324,1.22154,0.054163
214.366,0.63456,0.050401
214.381,0.771651,0.077455
214.332,0.8518,0.173797
214.281,0.636547,0.168019
214.242,1.20819,0.128952
214.217,0.765073,0.173947
214.418,0.920185,0.053491
214.386,0.882813,0.055642
214.461,1.05596,0.178384
214.648,0.157708,0.053219
214.659,0.45253,0.122342
214.537,0.486801,0.053984
214.514,0.51156,0.1251
214.704,0.474998,0.052616
214.62,0.439185,0.049773
214.694,0.560695,0.05292
214.609,0.169392,0.053285
214.517,0.273832,0.050287
214.637,0.312124,0.10004
214.627,0.111088,0.100312
214.526,0.053009,0.136449
214.523,0.2274,0.053406
214.551,0.358908,0.053388
214.558,0.258063,0.052497
214.531,0.311118,0.072833
214.633,-0.033398,0.150696
214.517,0.906983,0.0783
214.543,0.748647,0.113215
214.548,0.866399,0.120209
214.523,0.888478,0.119853
214.59,0.949619,0.026104
214.587,0.984256,0.128863
214.562,0.891112,0.025839
214.618,0.78541,0.342989
214.588,0.644565,0.18757
214.553,0.622292,0.118281
214.483,0.676651,0.052863
214.57,0.986272,0.05315
214.574,0.592304,0.121891
214.617,0.750095,0.025499
214.716,0.603813,0.053276
214.479,0.718105,0.066211
214.732,0.738888,0.256281
214.779,0.602648,0.100792
214.594,0.622361,0.350367
214.739,0.365617,0.053104
214.827,0.057746,0.09698
214.905,0.072872,0.120709
214.878,0.164217,0.084082
214.785,0.347169,0.339492
214.803,0.001632,0.097217
214.711,-0.026394,0.481209
214.75,0.563522,0.053434
214.767,0.356598,0.122864
214.709,-0.093784,0.05222
214.866,0.106097,0.060061
215.755,-0.822393,0.169256
215.635,-0.705017,0.054325
215.839,-0.619934,0.073563
215.395,-0.651121,0.126874
215.56,-0.655451,0.10589
215.472,-0.671418,0.072309
215.632,-0.655326,0.055015
215.637,-0.751348,0.180514
215.525,-0.669308,0.054721
215.639,-0.631637,0.054375
215.368,-0.645432,0.127096
215.872,-0.377669,0.031906
215.924,-0.264779,0.127095
215.815,-0.288613,0.38235
215.954,-0.248344,0.084583
215.832,-0.422145,0.19216
215.863,-0.422492,0.084751
215.832,-0.17813,0.130578
215.911,-0.23078,0.382839
215.837,-0.290113,0.381226
215.813,-0.218099,0.139029
215.831,-0.53893,0.278259
215.853,-0.267961,0.208339
215.355,-1.03038,0.19045
215.608,-0.995479,0.156015
215.42,-0.988823,0.200665
215.532,-1.00039,0.101398
215.411,-1.1545,0.126174
215.519,-1.05438,0.082948
215.516,-0.957091,0.102979
215.58,-1.0392,0.191261
215.425,-0.720852,0.125265
215.408,-1.12526,0.102662
215.372,-0.797548,0.084266
215.346,-0.875184,0.084795
215.56,-0.974364,0.102287
215.486,-0.70089,0.05067
215.457,-0.7775,0.054898
215.711,-0.393466,0.130061
215.715,-0.495375,0.201283
215.702,-0.476852,0.126862
215.771,-0.369387,0.191292
215.751,-0.254549,0.055035
215.775,-0.208092,0.130946
215.701,-0.133372,0.323099
215.185,-1.16117,0.154756
215.27,-1.18049,0.192662
215.281,-1.12388,0.129652
215.18,-0.937699,0.127021
215.175,-0.676897,0.168918
215.132,-0.700947,0.101989
215.182,-0.710055,0.371806
215.259,-0.861965,0.054574
215.216,-0.974034,0.128639
215.195,-0.949557,0.128267
215.11,-0.873231,0.083832
215.16,-0.923601,0.126945
215.177,-0.752771,0.029318
215.295,-0.786882,0.126266
215.107,-1.23935,0.194128
215.194,-0.892506,0.126249
215.447,-0.560194,0.139611
215.534,-0.513701,0.125892
215.496,-0.590348,0.051077
215.469,-0.318124,0.14994
215.482,-0.563009,0.119723
215.553,-0.598528,0.127646
215.461,-0.418554,0.052767
215.449,-0.250955,0.138991
215.522,-0.122111,0.054365
215.599,-0.387703,0.005502
215.466,-0.182254,0.131107
215.629,-0.262565,0.161234
215.502,-0.235373,0.140092
215.636,-0.595392,0.083691
215.549,-0.131283,0.054013
215.525,-0.59275,0.127639
215.59,-0.176924,0.073868
215.087,-0.992994,0.082003
215.101,-1.20833,0.20065
215.002,-1.13983,0.145333
215.047,-1.14972,0.119913
215.09,-0.835766,0.083147
214.866,-0.680468,0.140651
215.04,-0.673487,0.101439
215.097,-0.81925,0.083261
214.975,-0.682043,0.140931
215.097,-1.16656,0.101322
215.02,-0.639942,0.322401
214.999,-0.990454,0.084
215.072,-0.653182,0.083538
215.422,-0.366028,0.051846
215.182,-0.454904,0.307624
215.438,-0.195132,0.386122
215.403,-0.540881,0.137126
215.322,-0.4851,0.101787
215.379,-0.21315,0.051968
215.322,-0.61737,0.138199
215.306,-0.466563,0.101831
215.299,-0.3727,0.053084
215.307,-0.447528,0.101609
215.291,-0.454529,0.357201
215.173,-0.403658,0.357136
215.423,-0.337726,0.051829
215.151,-0.224038,0.0526
215.265,-0.464094,0.276303
215.344,-0.251867,0.153476
215.059,-0.240216,0.084241
215.002,-0.545624,0.139198
215.019,-0.314792,0.05169
215.145,-0.597235,0.138564
215.137,-0.24844,0.063564
215.084,-0.583911,0.32022
215.014,-0.367389,0.126383
214.958,-0.50836,0.15173
214.99,-0.480307,0.13847
215.019,-0.517269,0.138284
215.123,-0.234133,0.102337
215.003,-0.287628,0.319915
215.082,-0.294689,0.051343
215.108,-0.103528,0.131835
215.031,-0.276265,0.0513
214.967,-0.561254,0.055024000000000003
214.871,-0.475979,0.120354
214.894,-0.592233,0.084347
214.927,-0.395377,0.131965
214.943,-0.437291,0.081007
214.924,-0.447573,0.138529
214.816,-0.349386,0.357273
214.894,-0.32362,0.13227
214.878,-0.513603,0.125884
214.615,-0.612625,0.139715
214.607,-0.157233,0.077244
214.786,-0.229899,0.185071
214.822,-0.412761,0.039475
214.489,-0.290826,0.123856
214.553,-0.143079,0.355914
214.714,-0.564428,0.137822
214.699,-1.18201,0.082264
214.559,-1.0462,0.082116
214.694,-1.13735,0.082198
214.655,-0.890369,0.048148
214.518,-0.951745,0.141074
214.722,-0.921133,0.084729
214.567,-0.739346,0.049605
214.697,-0.848608,0.151103
214.632,-0.856777,0.050133
214.647,-0.682628,0.150429
214.584,-0.620763,0.085092
214.476,-1.01736,0.082579
214.376,-0.498495,0.084269
214.399,-0.484174,0.084176
214.365,-0.426697,0.12277
214.393,-0.503587,0.083054
214.135,-0.509807,0.169204
214.129,-0.393465,0.139936
214.152,-0.499995,0.181683
214.273,-0.552002,0.137654
214.014,-0.468332,0.154093
214.269,-0.252361,0.04358
214.074,-0.159402,0.083888
214.339,-0.169054,0.04351
214.137,-0.19141,0.1386
214.477,-0.521397,0.14785
214.333,-0.551447,0.138787
214.463,-0.138849,0.168792
214.07,-0.426796,0.077635
214.287,-1.10838,0.126943
214.436,-0.985899,0.14932
214.041,-0.632392,0.083609
214.4,-1.08655,0.086692
214.291,-1.16416,0.127431
214.32,-1.19069,0.125029
214.466,-1.07131,0.126179
214.142,-0.648897,0.048554
214.465,-0.993548,0.149779
213.99,-0.669244,0.127445
214.192,-1.02378,0.184792
214.458,-1.15168,0.18647
214.417,-0.633307,0.198012
213.749,-0.496088,0.142416
213.75,-0.511382,0.139742
213.947,-0.604773,0.127689
213.912,-0.46109,0.083336
213.758,-0.468391,0.145151
213.675,-0.464763,0.14343
213.778,-0.492207,0.142341
213.811,-0.493058,0.145249
213.714,-0.440197,0.379573
214.01,-0.50184,0.183845
213.801,-0.347546,0.140854
213.689,-0.102177,0.136497
213.685,-0.22933,0.129429
213.767,-0.250134,0.125732
213.695,-0.321811,0.140285
213.987,-0.344454,0.077118
213.746,-0.403948,0.138383
213.735,-0.359084,0.13797
213.793,-1.24519,0.147984
213.803,-1.13064,0.077499
213.947,-0.980041,0.15262
213.857,-1.23132,0.147873
213.922,-1.18539,0.147539
213.813,-1.14422,0.150167
213.919,-0.862638,0.139358
213.728,-1.25309,0.121539
213.294,-0.719004,0.082673
213.357,-0.780259,0.416335
213.466,-0.630855,0.120884
213.835,-0.723172,0.379323
213.58,-0.664733,0.12015
213.358,-0.823334,0.118135
213.555,-0.894401,0.037786
213.377,-0.770398,0.186739
213.602,-0.384282,0.13723
213.622,-0.374745,0.135922
213.575,-0.341887,0.138244
213.49,-0.232811,0.038651
213.584,-0.445677,0.184569
213.455,-0.171576,0.145936
213.588,-0.303873,0.136187
213.299,-0.399365,0.126023
213.55,-0.418938,0.137932
213.54,-0.475931,0.121286
213.272,-0.460238,0.137942
213.286,-0.26191,0.129109
213.611,-0.195352,0.053019
213.674,-0.284053,0.038691
213.537,-0.274065,0.139746
213.562,-0.179206,0.122781
213.538,-0.153515,0.116462
213.872,1.20794,0.054303
214.319,1.15343,0.054734
214.173,0.985654,0.174226
213.835,0.894104,0.143979
213.604,0.671847,0.113613
214.313,1.22939,0.054384
214.2,0.911453,0.083767
213.391,0.773581,0.097061
213.582,0.938314,0.267008
214.261,1.03489,0.15501499999999999
214.048,0.743625,0.124498
214.315,0.764171,0.077587
213.704,0.881712,0.265424
214.283,0.678498,0.077443
213.891,0.318321,0.125209
213.856,0.200452,0.373889
213.868,0.227318,0.053773
213.884,-0.049093,0.184825
213.465,0.212516,0.122933
213.693,0.291997,0.082684
213.46,0.269754,0.124939
213.694,-0.071515,0.077301
213.736,-0.035919,0.180853
213.758,-0.057023,0.126609
213.65,0.020726,0.104015
213.847,-0.034716,0.123845
213.467,0.105478,0.138087
213.093,0.051272,0.126939
213.375,0.185825,0.025749
213.696,-0.003681,0.047498
214.338,1.13122,0.053685
214.393,1.08989,0.357899
214.383,1.14086,0.05428
214.656,0.972416,0.341079
214.346,1.25641,0.172647
214.702,0.981332,0.345469
214.632,0.711842,0.343153
214.627,0.686656,0.11856
214.668,0.954992,0.3448
214.562,0.696745,0.118075
214.473,1.24695,0.383824
214.599,0.732145,0.025621
214.537,1.22222,0.025844
213.992,0.366088,0.143606
214.378,0.350557,0.053439
214.114,0.192338,0.127664
213.946,0.285785,0.125342
213.954,0.260429,0.126049
214.304,0.533303,0.077253
214.282,-0.015202,0.052675
214.189,-0.08669,0.178933
213.979,0.268405,0.125973
214.396,0.159101,0.054168
213.974,0.031821,0.083521
214.149,0.314031,0.116862
214.019,0.216262,0.025543
214.253,0.055482,0.358013
214.87,1.16904,0.127111
214.788,1.25436,0.167746
214.944,1.14691,0.053623
214.932,0.997473,0.126542
214.843,1.24939,0.169768
214.8,0.875732,0.126912
214.908,1.16774,0.112429
214.959,0.863355,0.119495
214.817,0.781374,0.112957
214.708,1.05559,0.112648
214.834,1.16525,0.008122
214.885,0.780792,0.33815
214.718,0.888523,0.128767
214.734,1.18494,0.055452
214.834,1.11154,0.118014
214.885,1.07456,0.11875
214.657,0.159346,0.338134
214.507,0.483151,0.05264
214.491,0.338785,0.048259
214.444,0.341443,0.05038
214.458,0.510972,0.052025
214.703,0.496459,0.053258
214.732,0.09417,0.09711
214.692,-0.063708,0.036251
214.465,0.23337,0.053217
214.441,0.372616,0.053375
214.425,0.533136,0.118045
214.775,0.191305,0.345877
214.464,0.319532,0.052542
215.026,1.02861,0.12647
215.018,1.00184,0.118251
215.066,1.04765,0.125528
215.164,0.892143,0.126276
215.074,0.975538,0.32983
215.036,0.98975,0.170561
214.994,0.992115,0.168917
214.977,1.24905,0.102242
215.148,0.993908,0.169515
215.069,0.955301,0.50681
215.057,0.772109,0.126737
215.151,0.883139,0.330128
215.072,0.758575,0.054859
215.095,0.72308,0.0838
215.154,0.942179,0.169825
215.08,0.935718,0.126899
215.068,0.855838,0.10253
214.946,0.434754,0.131177
215.042,0.478772,0.137558
215.058,0.261048,0.052861
214.88,0.608483,0.12613
215.001,0.560669,0.065566
215.014,0.235384,0.084958
215.013,-0.013744,0.136475
215.062,-0.079363,0.0526
215.085,-0.086234,0.139248
214.843,-0.080412,0.064221
215.025,-0.088212,0.054926
215.099,0.111188,0.354602
215.089,0.247995,0.131456
214.994,0.108346,0.120771
215.243,0.497569,0.151861
215.168,0.623166,0.14592
215.267,0.45118,0.151554
215.132,-0.047825,0.052191
215.197,0.361568,0.12113
215.245,0.228776,0.277159
215.343,0.600159,0.097309
215.196,0.156222,0.123642
215.257,0.19598,0.277577
215.199,0.135049,0.123239
215.236,-0.073291,0.102009
215.312,0.349303,0.150514
215.243,0.373159,0.118772
215.572,-0.041461,0.211411
215.536,-0.049436,0.126282
215.587,0.142126,0.140862
215.413,0.439654,0.121351
215.599,0.182279,0.029283
215.615,0.059059,0.031597
215.601,-0.002116,0.140314
215.369,0.41378,0.150287
215.433,0.331849,0.235854
215.404,0.36846,0.124901
215.547,0.57264,0.065374
215.423,0.373688,0.386174
215.526,0.417131,0.122561
215.494,0.401817,0.132789
215.41,0.243111,0.468702
215.463,0.221224,0.09751
215.259,1.17046,0.084284
215.169,1.01793,0.169562
215.295,0.849596,0.084761
215.186,0.976471,0.168238
215.303,0.824356,0.075102
215.278,0.953803,0.168822
215.319,1.20741,0.054747
215.289,1.08153,0.103166
215.309,0.964906,0.169794
215.264,0.670239,0.126442
215.272,0.865104,0.054042
215.279,1.14597,0.314399
215.316,0.63417,0.34537
215.178,0.782701,0.126769
215.272,0.799007,0.126061
215.283,1.12007,0.117411
215.667,0.087548,0.130869
215.682,0.132342,0.054289
215.635,0.02623,0.276428
215.737,0.383755,0.124638
215.631,0.287344,0.393941
215.692,0.503769,0.167151
215.674,0.506035,0.167003
215.711,0.534512,0.153748
215.646,0.208399,0.102964
215.434,0.852522,0.169174
215.465,1.09957,0.117113
215.349,0.765054,0.040099
215.347,0.737094,0.346731
215.434,1.0334700000000001,0.077348
215.487,0.928409,0.126456
215.466,1.02522,0.078155
215.501,1.03703,0.133224
215.44,1.06484,0.054734
215.421,0.758825,0.278366
215.404,0.720857,0.126284
215.407,0.644318,0.169811
215.42,1.02342,0.077779
215.395,0.829733,0.167376
215.417,0.780468,0.14636
215.502,0.649899,0.054289
215.407,0.84465,0.168936
215.35,0.789773,0.16967
215.439,0.827145,0.167352
215.837,0.360769,0.384422
215.833,0.5192,0.167213
215.823,0.254515,0.140367
215.836,0.277868,0.139555
215.808,0.044419,0.05473
215.759,0.350582,0.099002
215.807,-0.047592,0.139679
215.836,0.205959,0.13952
215.821,0.150349,0.141053
215.77,0.183629,0.134247
215.599,0.913721,0.126093
215.641,0.933231,0.126997
215.784,0.769317,0.054556
215.633,0.845584,0.040005
215.7,0.813684,0.151674
215.724,0.865899,0.15118500000000001
215.513,0.862078,0.035971
215.572,0.89205,0.126605
215.723,0.667039,0.16437
215.554,0.749776,0.127075
215.754,0.794319,0.053976
215.789,0.075781,0.132256
215.885,-0.042478,0.173493
215.861,0.125829,0.141452
215.962,0.043303,0.323828
215.974,0.175512,0.32148
215.951,0.007519,0.321985
215.88,0.38713,0.126436
215.751,0.044485,0.078787
215.848,0.504492,0.384226
215.868,0.233412,0.06157
216.284,-0.657874,0.073253
216.292,-0.361313,0.102992
216.243,-0.607959,0.031037
216.251,-0.62644,0.190967
216.16,-1.01428,0.102974
216.158,-1.09646,0.138033
216.142,-1.09305,0.104116
216.16,-0.73184,0.102944
216.279,-0.822373,0.170213
216.234,-0.37605,0.078907
216.131,-0.535187,0.072755
216.187,-0.324967,0.173933
216.224,-0.692958,0.136527
216.144,-0.43013,0.083995
216.159,-0.472989,0.173533
216.249,-0.192065,0.129255
216.257,-0.14199,0.459516
216.236,-0.285655,0.13911
216.217,-0.086879,0.316621
216.211,-0.140023,0.103455
216.032,-1.21514,0.05007
215.891,-1.23494,0.128033
215.913,-1.03842,0.127555
216.039,-0.974238,0.135882
215.908,-1.01227,0.101852
215.931,-0.969352,0.102084
215.975,-0.983937,0.05229
215.903,-1.06026,0.031146
215.999,-0.937343,0.101829
215.997,-0.89135,0.133727
215.996,-1.07511,0.176887
215.911,-1.23912,0.119185
215.994,-0.594828,0.191116
216.112,-0.242201,0.454963
216.046,-0.678905,0.050508
216.001,-0.371375,0.357723
216.112,-0.268282,0.138311
216.111,-0.684688,0.175365
215.964,-0.667762,0.156926
216.069,-0.149407,0.173633
216.085,-0.356026,0.13465
216.016,0.066222,0.168901
216.134,-0.165341,0.17492
216.072,-0.204285,0.084204
216.019,-0.446792,0.150009
216.084,-0.218963,0.083934
216.042,-0.229934,0.173919
216.004,-0.451982,0.149623
216.07,-0.038435,0.066154
215.814,-1.06734,0.202872
215.871,-1.25297,0.137727
215.844,-0.93197700000000006,0.054555
215.854,-1.03606,0.055016
215.88,-0.760439,0.19235
215.907,-0.609187,0.484575
215.864,-0.710629,0.138666
215.911,-0.540903,0.19238
215.851,-0.764464,0.136805
215.978,-0.764131,0.15878
216.008,-0.77357,0.052317
215.945,-0.664107,0.052527
215.993,-0.034789,0.19607
215.782,-0.359085,0.130669
215.496,-1.14473,0.101419
215.697,-0.939272,0.119128
215.683,-1.0287,0.038665
215.774,0.810621,0.053674
215.963,0.698249,0.103108
215.889,0.731441,0.085408
215.947,0.450533,0.158065
215.836,0.280447,0.140664
215.89,0.808373,0.14575
215.753,0.707416,0.053761
215.725,0.621571,0.170029
215.434,1.17289,0.101883
215.64,1.06886,0.117348
215.605,1.19757,0.054023
215.533,1.16991,0.054873
215.563,1.10275,0.116812
215.497,1.15987,0.054626
215.505,1.19727,0.054969
216.155,0.143214,0.322613
216.03,0.504085,0.123841
216.039,0.516809,0.159376
216.034,0.105757,0.1671
216.016,0.142469,0.166461
216.054,0.424922,0.125094
216.082,0.24941,0.103185
216.058,0.116049,0.150455
216.014,0.499399,0.124921
215.842,0.8375,0.408984
215.754,0.905234,0.103613
